[{"model": "admin.logentry", "pk": 1, "fields": {"action_time": "2021-11-04T17:12:44.968Z", "user": 1, "content_type": 7, "object_id": "1", "object_repr": "Fit_Time_MS4.example.com", "action_flag": 2, "change_message": "[{\"changed\": {\"fields\": [\"Domain name\", \"Display name\"]}}]"}}, {"model": "admin.logentry", "pk": 2, "fields": {"action_time": "2021-11-04T17:18:28.023Z", "user": 1, "content_type": 8, "object_id": "1", "object_repr": "lh020277@gmail.com", "action_flag": 1, "change_message": "[{\"added\": {}}]"}}, {"model": "admin.logentry", "pk": 3, "fields": {"action_time": "2021-11-09T19:42:47.503Z", "user": 1, "content_type": 13, "object_id": "1", "object_repr": "All Products", "action_flag": 1, "change_message": "[{\"added\": {}}]"}}, {"model": "admin.logentry", "pk": 4, "fields": {"action_time": "2021-11-09T19:42:56.281Z", "user": 1, "content_type": 13, "object_id": "2", "object_repr": "Classes", "action_flag": 1, "change_message": "[{\"added\": {}}]"}}, {"model": "admin.logentry", "pk": 5, "fields": {"action_time": "2021-11-09T19:43:12.114Z", "user": 1, "content_type": 13, "object_id": "3", "object_repr": "Nutrition", "action_flag": 1, "change_message": "[{\"added\": {}}]"}}, {"model": "admin.logentry", "pk": 6, "fields": {"action_time": "2021-11-09T19:43:28.998Z", "user": 1, "content_type": 13, "object_id": "4", "object_repr": "Shop", "action_flag": 1, "change_message": "[{\"added\": {}}]"}}, {"model": "admin.logentry", "pk": 7, "fields": {"action_time": "2021-11-09T19:43:40.648Z", "user": 1, "content_type": 13, "object_id": "5", "object_repr": "Special Offers", "action_flag": 1, "change_message": "[{\"added\": {}}]"}}, {"model": "admin.logentry", "pk": 8, "fields": {"action_time": "2021-11-09T19:48:30.320Z", "user": 1, "content_type": 14, "object_id": "1", "object_repr": "Grey Hoodie", "action_flag": 1, "change_message": "[{\"added\": {}}]"}}, {"model": "admin.logentry", "pk": 9, "fields": {"action_time": "2021-11-10T17:47:43.761Z", "user": 1, "content_type": 14, "object_id": "2", "object_repr": "Beginners Class", "action_flag": 1, "change_message": "[{\"added\": {}}]"}}, {"model": "admin.logentry", "pk": 10, "fields": {"action_time": "2021-11-12T19:45:34.819Z", "user": 1, "content_type": 14, "object_id": "1", "object_repr": "Grey Hoodie", "action_flag": 2, "change_message": "[{\"changed\": {\"fields\": [\"Image\"]}}]"}}, {"model": "admin.logentry", "pk": 11, "fields": {"action_time": "2021-11-13T20:59:00.210Z", "user": 1, "content_type": 13, "object_id": "5", "object_repr": "special_offers", "action_flag": 2, "change_message": "[{\"changed\": {\"fields\": [\"Name\"]}}]"}}, {"model": "admin.logentry", "pk": 12, "fields": {"action_time": "2021-11-13T20:59:10.720Z", "user": 1, "content_type": 13, "object_id": "4", "object_repr": "shop", "action_flag": 2, "change_message": "[{\"changed\": {\"fields\": [\"Name\"]}}]"}}, {"model": "admin.logentry", "pk": 13, "fields": {"action_time": "2021-11-13T21:00:13.189Z", "user": 1, "content_type": 13, "object_id": "3", "object_repr": "nutrition", "action_flag": 2, "change_message": "[{\"changed\": {\"fields\": [\"Name\"]}}]"}}, {"model": "admin.logentry", "pk": 14, "fields": {"action_time": "2021-11-13T21:00:50.519Z", "user": 1, "content_type": 13, "object_id": "2", "object_repr": "classes", "action_flag": 2, "change_message": "[{\"changed\": {\"fields\": [\"Name\"]}}]"}}, {"model": "admin.logentry", "pk": 15, "fields": {"action_time": "2021-11-29T20:00:17.194Z", "user": 5, "content_type": 14, "object_id": "5", "object_repr": "Runners", "action_flag": 2, "change_message": "[{\"changed\": {\"fields\": [\"Image\"]}}]"}}, {"model": "admin.logentry", "pk": 16, "fields": {"action_time": "2021-11-29T20:00:55.931Z", "user": 5, "content_type": 14, "object_id": "3", "object_repr": "Christmas Jumper", "action_flag": 2, "change_message": "[{\"changed\": {\"fields\": [\"Image\"]}}]"}}, {"model": "admin.logentry", "pk": 17, "fields": {"action_time": "2021-11-29T20:01:05.143Z", "user": 5, "content_type": 14, "object_id": "3", "object_repr": "Christmas Jumper", "action_flag": 2, "change_message": "[{\"changed\": {\"fields\": [\"Image\"]}}]"}}, {"model": "admin.logentry", "pk": 18, "fields": {"action_time": "2021-12-05T15:56:58.858Z", "user": 5, "content_type": 13, "object_id": "4", "object_repr": "shop", "action_flag": 2, "change_message": "[]"}}, {"model": "auth.user", "pk": 1, "fields": {"password": "pbkdf2_sha256$260000$S1mIilTskjqAHIpqTAK28q$moE7ekbOhrdr3eUiuRlWqAU2LcO5SB7Lw8TAARNI99k=", "last_login": "2021-11-29T19:35:35.972Z", "is_superuser": true, "username": "Lh7721", "first_name": "", "last_name": "", "email": "lh020277@gmail.com", "is_staff": true, "is_active": true, "date_joined": "2021-11-04T17:01:16.598Z", "groups": [], "user_permissions": []}}, {"model": "auth.user", "pk": 2, "fields": {"password": "pbkdf2_sha256$260000$FRJ6GM3zr5Ks7AgYe879T0$P/58nOMnqb2ZU6w1rmEUD9LDt8EuSNIBChpFzDckEIQ=", "last_login": "2021-12-03T18:56:37.797Z", "is_superuser": false, "username": "Leah", "first_name": "", "last_name": "", "email": "kicocow637@keagenan.com", "is_staff": false, "is_active": true, "date_joined": "2021-11-28T12:55:51.213Z", "groups": [], "user_permissions": []}}, {"model": "auth.user", "pk": 3, "fields": {"password": "pbkdf2_sha256$260000$02jFox2QtecJg0peLjMl1J$tDE7pTRg234Q6cofnk385LgzI3+Zfe821IQiL6ymEXQ=", "last_login": "2021-11-28T13:06:45.000Z", "is_superuser": false, "username": "Leah77", "first_name": "", "last_name": "", "email": "j.l.holmes270807@gmail.com", "is_staff": false, "is_active": true, "date_joined": "2021-11-28T12:59:25.894Z", "groups": [], "user_permissions": []}}, {"model": "auth.user", "pk": 4, "fields": {"password": "pbkdf2_sha256$260000$QUzv5aaqt7rrlyWVPKfrfA$s8KkhjwstPHWWRFyTpf2Veq1ZIEl943A0LV/jZxEbPA=", "last_login": "2021-11-28T21:06:32.590Z", "is_superuser": false, "username": "hellotest", "first_name": "", "last_name": "", "email": "test@test.ie", "is_staff": false, "is_active": true, "date_joined": "2021-11-28T21:05:59.645Z", "groups": [], "user_permissions": []}}, {"model": "auth.user", "pk": 5, "fields": {"password": "pbkdf2_sha256$260000$eudCJGub1AAsVD8kZoL0is$vQC64xUiROpOWpWuhAJ3H4xx4Og4cGoTVY/nOo0TG0M=", "last_login": "2021-12-05T13:03:42.630Z", "is_superuser": true, "username": "Leah1977", "first_name": "", "last_name": "", "email": "lh020277@gmail.com", "is_staff": true, "is_active": true, "date_joined": "2021-11-29T19:57:47.216Z", "groups": [], "user_permissions": []}}, {"model": "auth.user", "pk": 6, "fields": {"password": "pbkdf2_sha256$260000$3SFc2DRJEtzVYYPgKw6Mmp$iN0heDMJ2deI9dJzlepSs91cOjlX9oercbLmoS/r5LU=", "last_login": "2021-12-04T17:06:22.053Z", "is_superuser": false, "username": "igor", "first_name": "", "last_name": "", "email": "aa@aa.aa", "is_staff": false, "is_active": true, "date_joined": "2021-12-04T17:05:49.600Z", "groups": [], "user_permissions": []}}, {"model": "sessions.session", "pk": "4qwvqaz2eq012k6mvqppjfagl75nbs3q", "fields": {"session_data": ".eJxVjMsOwiAQRf-FtSGAPF269xvIzABSNZCUdmX8d9ukC92ec-59swjrUuM68hynxC7MsNMvQ6BnbrtID2j3zqm3ZZ6Q7wk_7OC3nvLrerR_BxVG3dbOBqMonFELKtmgN9IKW0TIqI0Fncg4EkqBDh4kSgEyFU-wYSEdWfb5AtPjN5k:1mtsRq:1V_B1L4dpJ8XfMpQH5qFtNm-R60f74yPChX64qQ7LyA", "expire_date": "2021-12-19T14:25:02.212Z"}}, {"model": "sessions.session", "pk": "6kbxwuqkapl5n9lfuy28grfkiy1vvare", "fields": {"session_data": "eyJiYXNrZXQiOnsiMSI6NH19:1moueF:3o7EOLqyV9MseRbQD0yzYlWz2uC3Z44g_aMY2cWHR3E", "expire_date": "2021-12-05T21:45:19.974Z"}}, {"model": "sessions.session", "pk": "83u1p7vjzfl3mh4odri0kzen5q3gnp0v", "fields": {"session_data": ".eJxVjDsOwyAQBe9CHSGD-aZM7zMg2GWDkwgkY1dR7h5bcpG0b2bem4W4rSVsPS9hRnZlgl1-txThmesB8BHrvXFodV3mxA-Fn7TzqWF-3U7376DEXvbaDQ69iwMo6RVmAqNGAGUIgAhISoPCERovxagJrbYj2WRNcrsFSbPPF_rUOK4:1migHG:LI4DHhsKx5BtPSDoqwo566l8WQk12S98tw3q97V7cYo", "expire_date": "2021-11-18T17:11:50.707Z"}}, {"model": "sessions.session", "pk": "94mqf3lf7jtucb26pjc3s6auz22n2bnt", "fields": {"session_data": ".eJxVjMsOwiAQRf-FtSGAPF269xvIzABSNZCUdmX8d9ukC92ec-59swjrUuM68hynxC7MsNMvQ6BnbrtID2j3zqm3ZZ6Q7wk_7OC3nvLrerR_BxVG3dbOBqMonFELKtmgN9IKW0TIqI0Fncg4EkqBDh4kSgEyFU-wYSEdWfb5AtPjN5k:1mrmpl:oS7VHR4SHLevbxKyTkWh144FAyhGOYvSYVQOItq52IM", "expire_date": "2021-12-13T20:01:05.285Z"}}, {"model": "sessions.session", "pk": "98bva2mqolqkhfkr4ros5jmp6zmyskob", "fields": {"session_data": "eyJiYXNrZXQiOnsiMSI6eyJpdGVtc19ieV9zaXplIjp7Im0iOjF9fX19:1mq0ai:n3qVxCbk-ECHfe7yV_ra9pRM4YZMG0x-Wtot6ytoSAU", "expire_date": "2021-12-08T22:18:12.385Z"}}, {"model": "sessions.session", "pk": "agk7jb3qowun3h2xl5c1jfljlsxxskgd", "fields": {"session_data": ".eJxVjMsOgjAQRf-la0Nai1Ng6d5vaGbaQarYGgpGY_x3wfiI23POvXeBzqUpjvbCQ2gDe8snDL1o4tT3q6-dMg-iEVqshM2cc0jR8vUchpto5MxwGrtXZIP_dD9G6I4cF-EPGPepcCmOQ6BiSYq3zcUuee637_bvoMPczeuaamlUZcBDXbZIJCWQkmtHxqByIMtKbzwA1aChLQkrVOA0Sc1qI40TjyfmHVAF:1mrJtF:kCcGBOcXFHC1iJoTZdZAr6fPXhrrYDY4uF87oo6URHc", "expire_date": "2021-12-12T13:06:45.083Z"}}, {"model": "sessions.session", "pk": "aicoufbgrxdqe8i3pj9ctkshopcyfakj", "fields": {"session_data": "eyJiYXNrZXQiOnsiMyI6eyJpdGVtc19ieV9zaXplIjp7Im0iOjF9fX19:1mrmR5:vO0EiJkbc2QSpP-iB0gacITdP-nac-h11iJUbtad5jI", "expire_date": "2021-12-13T19:35:35.915Z"}}, {"model": "sessions.session", "pk": "b30ckffk5e0vvv8guk19b1bp4zmlr95m", "fields": {"session_data": ".eJxljEEOgjAQRe_SNSEi0AJL956hmc5MpVpbQ6nRGO-uGGJi3L73_n8IQIw5zPrKk7OOSfMZnBdDyN4XX5sTT2IQUhRCQ57HD9CO_pkBPHFYBB0hHGKJMcyTM-WSlKtN5T4S-93a_hyMkMb3umpl10swBBKZrWyUkWSlUqajxnbY9FgTKEvcMrGCbd0aaC2CrAAtwHKaOCUXg-bbxU13MWyeL-B8Uso:1mtYUQ:BdeH2abkJ7tVf4jHn8dONdLYlVE8CM8_il1GH1Loy-I", "expire_date": "2021-12-18T17:06:22.271Z"}}, {"model": "sessions.session", "pk": "e7az1qui2vlk9w9jydcybybh8rhny2kh", "fields": {"session_data": ".eJxVjjEOgzAQBP_iOrJicz4MZXregM6-cyBEIGGoEH9PLFEk7c5otIfqad-Gfs-y9iOrVhl1-90CxUnmAvhF83PRcZm3dQy6KPqiWXcLy_txuX-BgfJQsvFu2XlpsAJ0lWBdo2eoGo7JYQqGqTbOO0nOkDUerAUARKQESFJeBcqTbKo9vh9bPM8Pklo79A:1mn4t1:pbzORyIX15bhG5xVUD6gx29ykerD95dtVFDs8sYV9-I", "expire_date": "2021-11-30T20:16:59.169Z"}}, {"model": "sessions.session", "pk": "iblrtljcvfc2rrk9r3w3nhnwn368wbha", "fields": {"session_data": "eyJzYXZlX2luZm8iOmZhbHNlfQ:1mrRIs:l-mFeNhgXorkMb8nocBBC6P6rshbigqRl_QoOUMPDjs", "expire_date": "2021-12-12T21:01:42.099Z"}}, {"model": "sessions.session", "pk": "k3rl6i6j4mkana6t3hwm0qokyu6q3gec", "fields": {"session_data": "eyJiYXNrZXQiOnsiMSI6eyJpdGVtc19ieV9zaXplIjp7Im0iOjJ9fX19:1mpCuW:9HPBImk7hq9aiwOwmbkzF5wBfzoPFzOcLtu6uh0aKzY", "expire_date": "2021-12-06T17:15:20.309Z"}}, {"model": "sessions.session", "pk": "kufyjcks8n4zw4f589pc8z4ouwcaqnto", "fields": {"session_data": "e30:1mrRJL:HPWF1r6xODDKdwtubOmkbTTVMFmMfrHV4ertphT6t44", "expire_date": "2021-12-12T21:02:11.427Z"}}, {"model": "sessions.session", "pk": "lj0ern2pkkk5lrce1dgg12l5snfnu5v4", "fields": {"session_data": "eyJiYXNrZXQiOnsiMSI6MTB9fQ:1mouZ2:Iui4SJS9GGpwUiNEz7NXu_C9yrQdE-I4tlbi1E7hO8Q", "expire_date": "2021-12-05T21:39:56.782Z"}}, {"model": "sessions.session", "pk": "n21288mwnaqfb4nelgwnikcglwdhuzs8", "fields": {"session_data": "eyJzYXZlX2luZm8iOmZhbHNlfQ:1mrQrs:yfUOCbo-AQjTw624NgycXLF8KU-vXKVvxFaWIP5tTYI", "expire_date": "2021-12-12T20:33:48.299Z"}}, {"model": "sessions.session", "pk": "pirxaoz7uklvgqvid31wvq9ernri1rfj", "fields": {"session_data": "eyJiYXNrZXQiOnsiMSI6MX19:1mou6Z:iTuwy2c1UQDGs_eXjTcfuxRlaBn8RiXxzaFcCdvkgkE", "expire_date": "2021-12-05T21:10:31.620Z"}}, {"model": "sessions.session", "pk": "rgf19pl3jt7bl3h6wg5htf1vnv9fv0ac", "fields": {"session_data": "eyJiYXNrZXQiOnsiMSI6eyJpdGVtc19ieV9zaXplIjp7InMiOjIsIm0iOjF9fX19:1mpEhO:c4ARXONxHTqpTy02ifE3xXSoWUdFQkOy0adbR4xEaMM", "expire_date": "2021-12-06T19:09:54.379Z"}}, {"model": "sessions.session", "pk": "ru0simajvbrlke6b8ul1cbf32sn54orn", "fields": {"session_data": ".eJxVjjEOgzAQBP_iOrJicz4MZXregM6-cyBEIGGoEH9PLFEk7c5otIfqad-Gfs-y9iOrVhl1-90CxUnmAvhF83PRcZm3dQy6KPqiWXcLy_txuX-BgfJQsvFu2XlpsAJ0lWBdo2eoGo7JYQqGqTbOO0nOkDUerAUARKQESFJeBcqTbKo9vh9bc54fkks77w:1moUhG:zOLLFhFkp1t75HwYP-6de3DdDpwEgD8Nxl7iTJEnOug", "expire_date": "2021-12-04T18:02:42.375Z"}}, {"model": "sessions.session", "pk": "x5hxxxh7b0d021ovzriwe5qt7gnrjava", "fields": {"session_data": "eyJiYXNrZXQiOnsiMSI6eyJpdGVtc19ieV9zaXplIjp7Im0iOjEsInMiOjF9fX19:1mn818:I_PffAdyQeisfkznxOkZfm86FoiaBcDMxv4Xo9fKXUY", "expire_date": "2021-11-30T23:37:34.729Z"}}, {"model": "sessions.session", "pk": "xenmzq5vgj7jiq2s3vog9f0t9h432354", "fields": {"session_data": ".eJxVjMsOwiAQRf-FtSGAPF269xvIzABSNZCUdmX8d9ukC92ec-59swjrUuM68hynxC7MsNMvQ6BnbrtID2j3zqm3ZZ6Q7wk_7OC3nvLrerR_BxVG3dbOBqMonFELKtmgN9IKW0TIqI0Fncg4EkqBDh4kSgEyFU-wYSEdWfb5AtPjN5k:1ms9gE:Pa_26vQg6Pxxe3SkLpsIamvZPzGJWCVihZ5KsrTbZdU", "expire_date": "2021-12-14T20:24:46.123Z"}}, {"model": "sessions.session", "pk": "zlj76r0bsbyl3ft3gnxw997r1f4ht4tu", "fields": {"session_data": "eyJiYXNrZXQiOnsiMSI6OX19:1mouCe:WiHd25Li2P8n2P-jXvK1gort9WmVlFTVRzXoXCVACuk", "expire_date": "2021-12-05T21:16:48.559Z"}}, {"model": "sites.site", "pk": 1, "fields": {"domain": "Fit_Time_MS4.example.com", "name": "Fit Time"}}, {"model": "account.emailaddress", "pk": 1, "fields": {"user": 1, "email": "lh020277@gmail.com", "verified": true, "primary": true}}, {"model": "account.emailaddress", "pk": 2, "fields": {"user": 2, "email": "kicocow637@keagenan.com", "verified": true, "primary": true}}, {"model": "account.emailaddress", "pk": 3, "fields": {"user": 3, "email": "j.l.holmes270807@gmail.com", "verified": true, "primary": true}}, {"model": "account.emailaddress", "pk": 4, "fields": {"user": 4, "email": "test@test.ie", "verified": true, "primary": true}}, {"model": "account.emailaddress", "pk": 5, "fields": {"user": 6, "email": "aa@aa.aa", "verified": true, "primary": true}}, {"model": "products.category", "pk": 1, "fields": {"name": "all_products", "friendly_name": "All Products"}}, {"model": "products.category", "pk": 2, "fields": {"name": "classes", "friendly_name": "Classes"}}, {"model": "products.category", "pk": 3, "fields": {"name": "nutrition", "friendly_name": "Nutrition"}}, {"model": "products.category", "pk": 4, "fields": {"name": "shop", "friendly_name": "Shop"}}, {"model": "products.category", "pk": 5, "fields": {"name": "special_offers", "friendly_name": "Special Offers"}}, {"model": "products.product", "pk": 1, "fields": {"category": 4, "sku": "43029750", "name": "Grey Hoodie", "description": "A grey hoodie.  100% recycled.", "has_sizes": true, "price": "12.99", "rating": "0.03", "image_url": "https://images.unsplash.com/photo-1590879812269-5257236e753e?ixlib=rb-1.2.1&ixid=MnwxMjA3fDB8MHxwaG90by1wYWdlfHx8fGVufDB8fHx8&auto=format&fit=crop&w=687&q=80", "image": "grey_hoodie_Cs0Wk1Z.jpg"}}, {"model": "products.product", "pk": 3, "fields": {"category": 4, "sku": "424626231", "name": "Christmas Jumper", "description": "Festive Training.  Here comes Santa Claus!! 100% recycled cotton jumper.", "has_sizes": true, "price": "24.99", "rating": "4.00", "image_url": "https://unsplash.com/photos/dkZB1__ovU8?utm_source=unsplash&utm_medium=referral&utm_content=creditShareLink", "image": "reindeer_jumper_LFfN0P9.jpg"}}, {"model": "products.product", "pk": 4, "fields": {"category": 4, "sku": "79302769", "name": "Trail Runners", "description": "Runners for road and cross country training.", "has_sizes": true, "price": "56.99", "rating": "4.00", "image_url": "https://unsplash.com/photos/A4579vLezz8", "image": "runners_pntLmvi.jpg"}}, {"model": "products.product", "pk": 5, "fields": {"category": 4, "sku": "43264266", "name": "Runners", "description": "These runners are made for the road.", "has_sizes": true, "price": "54.99", "rating": "3.00", "image_url": null, "image": "no-picture-available-icon-1_1.jpg"}}, {"model": "products.product", "pk": 10, "fields": {"category": 2, "sku": "55635773", "name": "Beginners Class", "description": "This class is aimed at beginners.  There will be a variety of core and strength training.", "has_sizes": false, "price": "10.00", "rating": "5.00", "image_url": "https://unsplash.com/photos/4oK5BlObZXg?utm_source=unsplash&utm_medium=referral&utm_content=creditShareLink", "image": "running_Rr1Wgrc.jpg"}}, {"model": "products.product", "pk": 11, "fields": {"category": 2, "sku": "42665567", "name": "Advanced Class", "description": "For Serious training - Sign up here!", "has_sizes": false, "price": "15.00", "rating": "5.00", "image_url": "https://unsplash.com/photos/WvDYdXDzkhs?utm_source=unsplash&utm_medium=referral&utm_content=creditShareLink", "image": "weights.jpg"}}, {"model": "products.product", "pk": 12, "fields": {"category": 4, "sku": "09389377", "name": "Joggers", "description": "100% recycled cotton.  Drawstring waste and added side pockets.", "has_sizes": true, "price": "45.99", "rating": "4.00", "image_url": "https://unsplash.com/photos/_1eBN9MzA_c?utm_source=unsplash&utm_medium=referral&utm_content=creditShareLink", "image": "bryant-churckyno-_1eBN9MzA_c-unsplash.jpg"}}, {"model": "products.product", "pk": 13, "fields": {"category": 4, "sku": "35435283", "name": "T-shirt", "description": "White T-shirt.  Excellent quality.", "has_sizes": true, "price": "21.90", "rating": "4.00", "image_url": "https://unsplash.com/s/photos/t-shirt-model?utm_source=unsplash&utm_medium=referral&utm_content=creditCopyText\"", "image": "anomaly-WWesmHEgXDs-unsplash_YJktw8z.jpg"}}, {"model": "checkout.order", "pk": 1, "fields": {"order_number": "C3929BCB01A040E49A9FA5CCE484B2BE", "user_profile": null, "full_name": "Leah", "email": "lh020277@gmail.com", "phone_number": "0872818774", "country": "Ireland", "postcode": "12345", "town_or_city": "Gorey", "street_address1": "testtesttest", "street_address2": "test2test2", "county": "Wexford", "date": "2021-11-25T20:47:12.578Z", "shipping_cost": "0.00", "order_total": "51.96", "grand_total": "51.96", "original_basket": "", "stripe_pid": ""}}, {"model": "checkout.order", "pk": 2, "fields": {"order_number": "59BA745F856C4A589D959F0C0A1DD71A", "user_profile": null, "full_name": "Leah Holmes", "email": "lh020277@gmail.com", "phone_number": "0872818774", "country": "Ireland", "postcode": "12345", "town_or_city": "Test City", "street_address1": "TestTest", "street_address2": "TestTest", "county": "Wexford", "date": "2021-11-27T11:28:11.362Z", "shipping_cost": "2.60", "order_total": "25.98", "grand_total": "28.58", "original_basket": "", "stripe_pid": ""}}, {"model": "checkout.order", "pk": 3, "fields": {"order_number": "26AD0A50749E48A2829BD1C0C3DEBD34", "user_profile": null, "full_name": "Leah", "email": "lh020277@gmail.com", "phone_number": "0872818774", "country": "Ireland", "postcode": "12345", "town_or_city": "Test City", "street_address1": "testtesttest", "street_address2": "test2test2", "county": "Wexford", "date": "2021-11-27T11:59:05.119Z", "shipping_cost": "1.30", "order_total": "12.99", "grand_total": "14.29", "original_basket": "", "stripe_pid": ""}}, {"model": "checkout.order", "pk": 4, "fields": {"order_number": "B7D53456E757410CA6BC710287153549", "user_profile": null, "full_name": "Leah", "email": "lh020277@gmail.com", "phone_number": "0872818774", "country": "Ireland", "postcode": "12345", "town_or_city": "Gorey", "street_address1": "testtesttest", "street_address2": "test2test2", "county": "Wexford", "date": "2021-11-27T12:25:59.807Z", "shipping_cost": "1.30", "order_total": "12.99", "grand_total": "14.29", "original_basket": "", "stripe_pid": ""}}, {"model": "checkout.order", "pk": 5, "fields": {"order_number": "1218370E68874EC0AD16AC088D0304E1", "user_profile": null, "full_name": "Leah", "email": "lh020277@gmail.com", "phone_number": "0872818774", "country": "Ireland", "postcode": "12345", "town_or_city": "Gorey", "street_address1": "testtesttest", "street_address2": "test2test2", "county": "Wexford", "date": "2021-11-27T12:44:32.262Z", "shipping_cost": "1.30", "order_total": "12.99", "grand_total": "14.29", "original_basket": "", "stripe_pid": ""}}, {"model": "checkout.order", "pk": 6, "fields": {"order_number": "A633E8093BC24FE5BF0D64923B22D41D", "user_profile": null, "full_name": "Leah", "email": "lh020277@gmail.com", "phone_number": "0872818774", "country": "Ireland", "postcode": "12345", "town_or_city": "Gorey", "street_address1": "testtesttest", "street_address2": "test2test2", "county": "Wexford", "date": "2021-11-27T12:50:26.522Z", "shipping_cost": "2.60", "order_total": "25.98", "grand_total": "28.58", "original_basket": "", "stripe_pid": ""}}, {"model": "checkout.order", "pk": 7, "fields": {"order_number": "755F3CEDFFBF42A487F2C65F2F895F1C", "user_profile": null, "full_name": "Leah", "email": "lh020277@gmail.com", "phone_number": "0872818774", "country": "Ireland", "postcode": "12345", "town_or_city": "Gorey", "street_address1": "testtesttest", "street_address2": "test2test2", "county": "Wexford", "date": "2021-11-27T14:43:40.126Z", "shipping_cost": "1.30", "order_total": "12.99", "grand_total": "14.29", "original_basket": "{\"1\": {\"items_by_size\": {\"m\": 1}}}", "stripe_pid": "pi_3K0S7QCyLcCT9ir318RHkHN9"}}, {"model": "checkout.order", "pk": 8, "fields": {"order_number": "F9F8602182A144EDB32900EDBB1E3DA3", "user_profile": null, "full_name": "Leah", "email": "lh020277@gmail.com", "phone_number": "0872818774", "country": "Ireland", "postcode": "12345", "town_or_city": "Gorey", "street_address1": "testtesttest", "street_address2": "test2test2", "county": "Wexford", "date": "2021-11-27T14:54:42.633Z", "shipping_cost": "1.30", "order_total": "12.99", "grand_total": "14.29", "original_basket": "{\"1\": {\"items_by_size\": {\"m\": 1}}}", "stripe_pid": "pi_3K0SIQCyLcCT9ir30z68Vjc4"}}, {"model": "checkout.order", "pk": 9, "fields": {"order_number": "DD33F6BA7FD740DC90C540A151C9EC23", "user_profile": null, "full_name": "Leah", "email": "lh020277@gmail.com", "phone_number": "0872818774", "country": "IE", "postcode": "12345", "town_or_city": "Gorey", "street_address1": "testtesttest", "street_address2": "test2test2", "county": "Wexford", "date": "2021-11-27T17:13:12.642Z", "shipping_cost": "0.00", "order_total": "38.97", "grand_total": "38.97", "original_basket": "{\"1\": {\"items_by_size\": {\"m\": 3}}}", "stripe_pid": "pi_3K0URfCyLcCT9ir30RVquldW"}}, {"model": "checkout.order", "pk": 10, "fields": {"order_number": "FE84888AC58D4D2CB3AD9A49FB280CF3", "user_profile": null, "full_name": "Leah", "email": "lh020277@gmail.com", "phone_number": "0872818774", "country": "IE", "postcode": "12345", "town_or_city": "Gorey", "street_address1": "testtesttest", "street_address2": "test2test2", "county": "Wexford", "date": "2021-11-27T17:25:57.969Z", "shipping_cost": "1.30", "order_total": "12.99", "grand_total": "14.29", "original_basket": "{\"1\": {\"items_by_size\": {\"m\": 1}}}", "stripe_pid": "pi_3K0UeSCyLcCT9ir30CI1umAR"}}, {"model": "checkout.order", "pk": 11, "fields": {"order_number": "B04B19DC021D4DE4A072E18102C5B578", "user_profile": null, "full_name": "Leah", "email": "lh020277@gmail.com", "phone_number": "0872818774", "country": "IE", "postcode": "12345", "town_or_city": "Gorey", "street_address1": "testtesttest", "street_address2": "test2test2", "county": "Wexford", "date": "2021-11-28T20:30:59.128Z", "shipping_cost": "1.30", "order_total": "12.99", "grand_total": "14.29", "original_basket": "{\"1\": {\"items_by_size\": {\"m\": 1}}}", "stripe_pid": "pi_3K0u0yCyLcCT9ir30BsXTBgw"}}, {"model": "checkout.order", "pk": 12, "fields": {"order_number": "D9B2149BD7D54ADCA2A49AE96E222063", "user_profile": null, "full_name": "Leah", "email": "lh020277@gmail.com", "phone_number": "0872818774", "country": "IE", "postcode": "12345", "town_or_city": "Gorey", "street_address1": "testtesttest", "street_address2": "test2test2", "county": "Wexford", "date": "2021-11-28T21:00:52.413Z", "shipping_cost": "1.30", "order_total": "12.99", "grand_total": "14.29", "original_basket": "{\"1\": {\"items_by_size\": {\"m\": 1}}}", "stripe_pid": "pi_3K0uTqCyLcCT9ir312FAKE4q"}}, {"model": "checkout.order", "pk": 13, "fields": {"order_number": "ECE1BA01B2794D6ABD4FF3D08146FD05", "user_profile": 3, "full_name": "Leah", "email": "lh020277@gmail.com", "phone_number": "0872818774", "country": "IE", "postcode": "12345", "town_or_city": "Gorey", "street_address1": "testtesttest", "street_address2": "test2test2", "county": "Wexford", "date": "2021-11-29T16:20:16.013Z", "shipping_cost": "0.00", "order_total": "38.97", "grand_total": "38.97", "original_basket": "{\"1\": {\"items_by_size\": {\"m\": 3}}}", "stripe_pid": "pi_3K1CZsCyLcCT9ir31B3DkymS"}}, {"model": "checkout.orderlineitem", "pk": 1, "fields": {"order": 1, "product": 1, "product_size": "m", "quantity": 4, "lineitem_total": "51.96"}}, {"model": "checkout.orderlineitem", "pk": 2, "fields": {"order": 2, "product": 1, "product_size": "m", "quantity": 2, "lineitem_total": "25.98"}}, {"model": "checkout.orderlineitem", "pk": 3, "fields": {"order": 3, "product": 1, "product_size": "m", "quantity": 1, "lineitem_total": "12.99"}}, {"model": "checkout.orderlineitem", "pk": 4, "fields": {"order": 4, "product": 1, "product_size": "m", "quantity": 1, "lineitem_total": "12.99"}}, {"model": "checkout.orderlineitem", "pk": 5, "fields": {"order": 5, "product": 1, "product_size": "m", "quantity": 1, "lineitem_total": "12.99"}}, {"model": "checkout.orderlineitem", "pk": 6, "fields": {"order": 6, "product": 1, "product_size": "m", "quantity": 2, "lineitem_total": "25.98"}}, {"model": "checkout.orderlineitem", "pk": 7, "fields": {"order": 7, "product": 1, "product_size": "m", "quantity": 1, "lineitem_total": "12.99"}}, {"model": "checkout.orderlineitem", "pk": 8, "fields": {"order": 8, "product": 1, "product_size": "m", "quantity": 1, "lineitem_total": "12.99"}}, {"model": "checkout.orderlineitem", "pk": 9, "fields": {"order": 9, "product": 1, "product_size": "m", "quantity": 3, "lineitem_total": "38.97"}}, {"model": "checkout.orderlineitem", "pk": 10, "fields": {"order": 10, "product": 1, "product_size": "m", "quantity": 1, "lineitem_total": "12.99"}}, {"model": "checkout.orderlineitem", "pk": 11, "fields": {"order": 11, "product": 1, "product_size": "m", "quantity": 1, "lineitem_total": "12.99"}}, {"model": "checkout.orderlineitem", "pk": 12, "fields": {"order": 12, "product": 1, "product_size": "m", "quantity": 1, "lineitem_total": "12.99"}}, {"model": "checkout.orderlineitem", "pk": 13, "fields": {"order": 13, "product": 1, "product_size": "m", "quantity": 3, "lineitem_total": "38.97"}}, {"model": "profiles.userprofile", "pk": 1, "fields": {"user": 2, "default_phone_number": null, "default_street_address1": null, "default_street_address2": null, "default_town_or_city": null, "default_county": null, "default_postcode": null, "default_country": null}}, {"model": "profiles.userprofile", "pk": 2, "fields": {"user": 3, "default_phone_number": null, "default_street_address1": null, "default_street_address2": null, "default_town_or_city": null, "default_county": null, "default_postcode": null, "default_country": null}}, {"model": "profiles.userprofile", "pk": 3, "fields": {"user": 4, "default_phone_number": "0872818774", "default_street_address1": "testtesttest", "default_street_address2": "test2test2", "default_town_or_city": "Gorey", "default_county": "Wexford", "default_postcode": "12345", "default_country": "IE"}}, {"model": "profiles.userprofile", "pk": 4, "fields": {"user": 5, "default_phone_number": null, "default_street_address1": null, "default_street_address2": null, "default_town_or_city": null, "default_county": null, "default_postcode": null, "default_country": null}}, {"model": "profiles.userprofile", "pk": 5, "fields": {"user": 6, "default_phone_number": null, "default_street_address1": null, "default_street_address2": null, "default_town_or_city": null, "default_county": null, "default_postcode": null, "default_country": null}}, {"model": "reviews.review", "pk": 1, "fields": {"user": 1, "product": 1, "title": "Jumper", "comment": "Excellent!", "rating": 4, "created_at": "2021-12-04T19:44:28.935Z"}}, {"model": "reviews.review", "pk": 2, "fields": {"user": 1, "product": 1, "title": "Jumper", "comment": "Excellent!!", "rating": 3, "created_at": "2021-12-04T19:44:57.944Z"}}]